[
	{
		"pk": 1,
		"model": "comun.zona",
		"fields": {
			"nombre": "Metropolitana"
		}
	},
	{
		"pk": 2,
		"model": "comun.zona",
		"fields": {
			"nombre": "Valle del Mocotíes"
		}
	},
	{
		"pk": 3,
		"model": "comun.zona",
		"fields": {
			"nombre": "Panamericana"
		}
	},
	{
		"pk": 4,
		"model": "comun.zona",
		"fields": {
			"nombre": "Páramo"
		}
	},
	{
		"pk": 1,
		"model": "comun.municipio",
		"fields": {
			"nombre": "Libertador",
			"zona": 1
		}
	},
	{
		"pk": 2,
		"model": "comun.municipio",
		"fields": {
			"nombre": "Campo Elías",
			"zona": 1
		}
	},
	{
		"pk": 3,
		"model": "comun.municipio",
		"fields": {
			"nombre": "Tovar",
			"zona": 2
		}
	},
	{
		"pk": 4,
		"model": "comun.municipio",
		"fields": {
			"nombre": "Guaraque",
			"zona": 2
		}
	},
	{
		"pk": 5,
		"model": "comun.municipio",
		"fields": {
			"nombre": "Alberto Adriani",
			"zona": 3
		}
	},
	{
		"pk": 6,
		"model": "comun.municipio",
		"fields": {
			"nombre": "Caracciolo Parra y Olmedo",
			"zona": 3
		}
	},
	{
		"pk": 7,
		"model": "comun.municipio",
		"fields": {
			"nombre": "Tulio Febres Cordero",
			"zona": 3
		}
	},
	{
		"pk": 8,
		"model": "comun.municipio",
		"fields": {
			"nombre": "Rángel",
			"zona": 4
		}
	},
	{
		"pk": 9,
		"model": "comun.municipio",
		"fields": {
			"nombre": "Cardenal Quintero",
			"zona": 4
		}
	},
	{
		"pk": 1,
		"model": "comun.parroquia",
		"fields": {
			"nombre": "Caracciolo Parra",
			"municipio": 1
		}
	},
	{
		"pk": 2,
		"model": "comun.parroquia",
		"fields": {
			"nombre": "Milla",
			"municipio": 1
		}
	},
	{
		"pk": 3,
		"model": "comun.parroquia",
		"fields": {
			"nombre": "Jacinto Plaza",
			"municipio": 1
		}
	},
	{
		"pk": 4,
		"model": "comun.parroquia",
		"fields": {
			"nombre": "Domingo Peña",
			"municipio": 1
		}
	},
	{
		"pk": 5,
		"model": "comun.parroquia",
		"fields": {
			"nombre": "Juan Rodríguez Suarez",
			"municipio": 1
		}
	},
	{
		"pk": 6,
		"model": "comun.parroquia",
		"fields": {
			"nombre": "Gonzalo Picón Febres",
			"municipio": 1
		}
	},
	{
		"pk": 7,
		"model": "comun.parroquia",
		"fields": {
			"nombre": "Matriz",
			"municipio": 2
		}
	},
	{
		"pk": 8,
		"model": "comun.parroquia",
		"fields": {
			"nombre": "Montalbán",
			"municipio": 2
		}
	},
	{
		"pk": 9,
		"model": "comun.parroquia",
		"fields": {
			"nombre": "Tovar",
			"municipio": 3
		}
	},
	{
		"pk": 10,
		"model": "comun.parroquia",
		"fields": {
			"nombre": "Guaraque",
			"municipio": 4
		}
	},
	{
		"pk": 11,
		"model": "comun.parroquia",
		"fields": {
			"nombre": "Presidente José Antonio Paez",
			"municipio": 5
		}
	},
	{
		"pk": 12,
		"model": "comun.parroquia",
		"fields": {
			"nombre": "Florencio Ramírez",
			"municipio": 6
		}
	},
	{
		"pk": 13,
		"model": "comun.parroquia",
		"fields": {
			"nombre": "Apartaderos",
			"municipio": 8
		}
	},
	{
		"pk": 14,
		"model": "comun.parroquia",
		"fields": {
			"nombre": "Las Piedras",
			"municipio": 9
		}
	},
	{
	    "pk": 1,
	    "model": "comun.tipoprocedimiento",
	    "fields": {
	        "nombre": "Incendio",
	        "division": "CI"
	    }
	},
	{
	    "pk": 2,
	    "model": "comun.tipoprocedimiento",
	    "fields": {
	        "nombre": "Escape de gas licuado del petróleo",
	        "division": "CI"
	    }
	},
	{
	    "pk": 3,
	    "model": "comun.tipoprocedimiento",
	    "fields": {
	        "nombre": "Explosiones / Defragación",
	        "division": "CI"
	    }
	},
	{
	    "pk": 4,
	    "model": "comun.tipoprocedimiento",
	    "fields": {
	        "nombre": "Cortos circuítos",
	        "division": "CI"
	    }
	},
	{
	    "pk": 5,
	    "model": "comun.tipoprocedimiento",
	    "fields": {
	        "nombre": "Quemas de basura",
	        "division": "CI"
	    }
	},
	{
	    "pk": 6,
	    "model": "comun.tipoprocedimiento",
	    "fields": {
	        "nombre": "Quemas de neumáticos",
	        "division": "CI"
	    }
	},
	{
	    "pk": 7,
	    "model": "comun.tipoprocedimiento",
	    "fields": {
	        "nombre": "Control / Neutralización de combustible",
	        "division": "CI"
	    }
	},
	{
	    "pk": 8,
	    "model": "comun.tipoprocedimiento",
	    "fields": {
	        "nombre": "Control / Neutralización de materiales peligrosos",
	        "division": "CI"
	    }
	},
	{
	    "pk": 9,
	    "model": "comun.tipoprocedimiento",
	    "fields": {
	        "nombre": "Servicios de abastecimiento de agua",
	        "division": "CI"
	    }
	},
	{
	    "pk": 10,
	    "model": "comun.tipoprocedimiento",
	    "fields": {
	        "nombre": "Control / Exterminio de plagas/insectos",
	        "division": "BR"
	    }
	},
	{
	    "pk": 11,
	    "model": "comun.tipoprocedimiento",
	    "fields": {
	        "nombre": "Desbordamiento de Río",
	        "division": "BR"
	    }
	},
	{
	    "pk": 12,
	    "model": "comun.tipoprocedimiento",
	    "fields": {
	        "nombre": "Deslizamiento de tierra",
	        "division": "BR"
	    }
	},
	{
	    "pk": 13,
	    "model": "comun.tipoprocedimiento",
	    "fields": {
	        "nombre": "Recuperación de Cadáver",
	        "division": "BR"
	    }
	},
	{
	    "pk": 14,
	    "model": "comun.tipoprocedimiento",
	    "fields": {
	        "nombre": "Rescate de animales",
	        "division": "BR"
	    }
	},
	{
	    "pk": 15,
	    "model": "comun.tipoprocedimiento",
	    "fields": {
	        "nombre": "Rescate de llaves",
	        "division": "BR"
	    }
	},
	{
	    "pk": 16,
	    "model": "comun.tipoprocedimiento",
	    "fields": {
	        "nombre": "Rescate de personas en asensor",
	        "division": "BR"
	    }
	},
	{
	    "pk": 17,
	    "model": "comun.tipoprocedimiento",
	    "fields": {
	        "nombre": "Rescate de personas incomunicadas",
	        "division": "BR"
	    }
	},
	{
	    "pk": 18,
	    "model": "comun.tipoprocedimiento",
	    "fields": {
	        "nombre": "Rescates en aguas",
	        "division": "BR"
	    }
	},
	{
	    "pk": 19,
	    "model": "comun.tipoprocedimiento",
	    "fields": {
	        "nombre": "Búsqueda y rescate en montañas",
	        "division": "BR"
	    }
	},
	{
	    "pk": 20,
	    "model": "comun.tipoprocedimiento",
	    "fields": {
	        "nombre": "Rescates en estructuras colapsadas",
	        "division": "BR"
	    }
	},
	{
	    "pk": 21,
	    "model": "comun.tipoprocedimiento",
	    "fields": {
	        "nombre": "Accidentes aéreos",
	        "division": "BR"
	    }
	},
	{
	    "pk": 22,
	    "model": "comun.tipoprocedimiento",
	    "fields": {
	        "nombre": "Talas / Podas de árboles",
	        "division": "BR"
	    }
	},
	{
	    "pk": 23,
	    "model": "comun.tipoprocedimiento",
	    "fields": {
	        "nombre": "Intentos de suicidio",
	        "division": "BR"
	    }
	},
	{
	    "pk": 24,
	    "model": "comun.tipoprocedimiento",
	    "fields": {
	        "nombre": "Inundaciones de viviendas",
	        "division": "BR"
	    }
	},
	{
	    "pk": 25,
	    "model": "comun.tipoprocedimiento",
	    "fields": {
	        "nombre": "Viviendas afectadas",
	        "division": "BR"
	    }
	},
    {
	    "pk": 26,
	    "model": "comun.tipoprocedimiento",
	    "fields": {
	        "nombre": "Personas afectadas por lluvias",
	        "division": "BR"
	    }
	},
	{
	    "pk": 27,
	    "model": "comun.tipoprocedimiento",
	    "fields": {
	        "nombre": "Accidente de tránsito",
	        "division": "BR"
	    }
	},
	{
	    "pk": 28,
	    "model": "comun.tipoprocedimiento",
	    "fields": {
	        "nombre": "Servicios médicos pre-hospitalarios",
	        "division": "EP"
	    }
	},
	{
	    "pk": 29,
	    "model": "comun.tipoprocedimiento",
	    "fields": {
	        "nombre": "Servicios de Ambulancia",
	        "division": "EP"
	    }
	},
	{
	    "pk": 30,
	    "model": "comun.tipoprocedimiento",
	    "fields": {
	        "nombre": "Atenciones primarias",
	        "division": "EP"
	    }
	},
	{
	    "pk": 31,
	    "model": "comun.tipoprocedimiento",
	    "fields": {
	        "nombre": "Acto de presencia en persona fallecida",
	        "division": "EP"
	    }
	},
	{
	    "pk": 1,
	    "model": "comun.detalletipoprocedimiento",
	    "fields": {
	        "nombre": "Colisión entre vehículos",
	        "tipo_procedimiento": 30
	    }
	},
	{
	    "pk": 2,
	    "model": "comun.detalletipoprocedimiento",
	    "fields": {
	        "nombre": "Choque con objeto fijo",
	        "tipo_procedimiento": 30
	    }
	},
	{
	    "pk": 3,
	    "model": "comun.detalletipoprocedimiento",
	    "fields": {
	        "nombre": "Vuelcos sobre la vía",
	        "tipo_procedimiento": 30
	    }
	},
	{
	    "pk": 4,
	    "model": "comun.detalletipoprocedimiento",
	    "fields": {
	        "nombre": "Vuelcos fuera de la vía",
	        "tipo_procedimiento": 30
	    }
	},
	{
	    "pk": 5,
	    "model": "comun.detalletipoprocedimiento",
	    "fields": {
	        "nombre": "Arrollamientos",
	        "tipo_procedimiento": 30
	    }
	},
	{
	    "pk": 6,
	    "model": "comun.detalletipoprocedimiento",
	    "fields": {
	        "nombre": "Expelimentos",
	        "tipo_procedimiento": 30
	    }
	},
	{
	    "pk": 7,
	    "model": "comun.detalletipoprocedimiento",
	    "fields": {
	        "nombre": "Otro tipo de accidentes (aplastamientos)",
	        "tipo_procedimiento": 30
	    }
	}
]
