[
{
    "pk": 1, 
    "model": "contenttypes.contenttype", 
    "fields": {
        "model": "logentry", 
        "name": "log entry", 
        "app_label": "admin"
    }
},
{
    "pk": 2, 
    "model": "contenttypes.contenttype", 
    "fields": {
        "model": "permission", 
        "name": "permission", 
        "app_label": "auth"
    }
},
{
    "pk": 3, 
    "model": "contenttypes.contenttype", 
    "fields": {
        "model": "group", 
        "name": "group", 
        "app_label": "auth"
    }
},
{
    "pk": 4, 
    "model": "contenttypes.contenttype", 
    "fields": {
        "model": "user", 
        "name": "user", 
        "app_label": "auth"
    }
},
{
    "pk": 5, 
    "model": "contenttypes.contenttype", 
    "fields": {
        "model": "contenttype", 
        "name": "content type", 
        "app_label": "contenttypes"
    }
},
{
    "pk": 6, 
    "model": "contenttypes.contenttype", 
    "fields": {
        "model": "session", 
        "name": "session", 
        "app_label": "sessions"
    }
},
{
    "pk": 7, 
    "model": "contenttypes.contenttype", 
    "fields": {
        "model": "zona", 
        "name": "Zona", 
        "app_label": "comun"
    }
},
{
    "pk": 8, 
    "model": "contenttypes.contenttype", 
    "fields": {
        "model": "municipio", 
        "name": "Municipio", 
        "app_label": "comun"
    }
},
{
    "pk": 9, 
    "model": "contenttypes.contenttype", 
    "fields": {
        "model": "parroquia", 
        "name": "Parroquia", 
        "app_label": "comun"
    }
},
{
    "pk": 10, 
    "model": "contenttypes.contenttype", 
    "fields": {
        "model": "tipoprocedimiento", 
        "name": "Tipo de Procedimiento", 
        "app_label": "comun"
    }
},
{
    "pk": 11, 
    "model": "contenttypes.contenttype", 
    "fields": {
        "model": "detalletipoprocedimiento", 
        "name": "Detalle de Tipo de Procedimiento", 
        "app_label": "comun"
    }
},
{
    "pk": 12, 
    "model": "contenttypes.contenttype", 
    "fields": {
        "model": "comision", 
        "name": "Comisi\u00f3n", 
        "app_label": "comun"
    }
},
{
    "pk": 13, 
    "model": "contenttypes.contenttype", 
    "fields": {
        "model": "persona", 
        "name": "Persona", 
        "app_label": "comun"
    }
},
{
    "pk": 14, 
    "model": "contenttypes.contenttype", 
    "fields": {
        "model": "cargo", 
        "name": "Cargo", 
        "app_label": "institucion"
    }
},
{
    "pk": 15, 
    "model": "contenttypes.contenttype", 
    "fields": {
        "model": "rango", 
        "name": "Rango", 
        "app_label": "institucion"
    }
},
{
    "pk": 16, 
    "model": "contenttypes.contenttype", 
    "fields": {
        "model": "estacion", 
        "name": "Estaci\u00f3n", 
        "app_label": "institucion"
    }
},
{
    "pk": 17, 
    "model": "contenttypes.contenttype", 
    "fields": {
        "model": "trabajador", 
        "name": "Trabajador", 
        "app_label": "institucion"
    }
},
{
    "pk": 18, 
    "model": "contenttypes.contenttype", 
    "fields": {
        "model": "unidad", 
        "name": "Unidad", 
        "app_label": "institucion"
    }
},
{
    "pk": 19, 
    "model": "contenttypes.contenttype", 
    "fields": {
        "model": "diagnostico", 
        "name": "Diagn\u00f3stico", 
        "app_label": "novedad"
    }
},
{
    "pk": 20, 
    "model": "contenttypes.contenttype", 
    "fields": {
        "model": "personafallecida", 
        "name": "Persona Fallecida", 
        "app_label": "novedad"
    }
},
{
    "pk": 21, 
    "model": "contenttypes.contenttype", 
    "fields": {
        "model": "vehiculo", 
        "name": "Veh\u00edculo", 
        "app_label": "novedad"
    }
},
{
    "pk": 22, 
    "model": "contenttypes.contenttype", 
    "fields": {
        "model": "vehiculopersona", 
        "name": "Veh\u00edculo - Persona", 
        "app_label": "novedad"
    }
},
{
    "pk": 23, 
    "model": "contenttypes.contenttype", 
    "fields": {
        "model": "novedad", 
        "name": "Novedad", 
        "app_label": "novedad"
    }
},
{
    "pk": 24, 
    "model": "contenttypes.contenttype", 
    "fields": {
        "model": "novedadincendioestructura", 
        "name": "Novedad de Incendio de Estructura", 
        "app_label": "novedad"
    }
},
{
    "pk": 25, 
    "model": "contenttypes.contenttype", 
    "fields": {
        "model": "novedadincendiovehiculo", 
        "name": "novedad incendio vehiculo", 
        "app_label": "novedad"
    }
},
{
    "pk": 26, 
    "model": "contenttypes.contenttype", 
    "fields": {
        "model": "novedadincendiovegetacion", 
        "name": "novedad incendio vegetacion", 
        "app_label": "novedad"
    }
},
{
    "pk": 27, 
    "model": "contenttypes.contenttype", 
    "fields": {
        "model": "novedadincendioescapegas", 
        "name": "novedad incendio escape gas", 
        "app_label": "novedad"
    }
},
{
    "pk": 28, 
    "model": "contenttypes.contenttype", 
    "fields": {
        "model": "novedadincendioservicioagua", 
        "name": "novedad incendio servicio agua", 
        "app_label": "novedad"
    }
},
{
    "pk": 29, 
    "model": "contenttypes.contenttype", 
    "fields": {
        "model": "novedadrescatevehiculo", 
        "name": "novedad rescate vehiculo", 
        "app_label": "novedad"
    }
},
{
    "pk": 30, 
    "model": "contenttypes.contenttype", 
    "fields": {
        "model": "novedadhospital", 
        "name": "novedad hospital", 
        "app_label": "novedad"
    }
},
{
    "pk": 31, 
    "model": "contenttypes.contenttype", 
    "fields": {
        "model": "novedadespecial", 
        "name": "novedad especial", 
        "app_label": "novedad"
    }
},
{
    "pk": 32, 
    "model": "contenttypes.contenttype", 
    "fields": {
        "model": "novedadpersona", 
        "name": "novedad persona", 
        "app_label": "novedad"
    }
},
{
    "pk": 33, 
    "model": "contenttypes.contenttype", 
    "fields": {
        "model": "novedadunidad", 
        "name": "Unidad por Novedad", 
        "app_label": "novedad"
    }
},
{
    "pk": 34, 
    "model": "contenttypes.contenttype", 
    "fields": {
        "model": "novedadcomision", 
        "name": "Comisi\u00f3n por Novedad", 
        "app_label": "novedad"
    }
},
{
    "pk": 35, 
    "model": "contenttypes.contenttype", 
    "fields": {
        "model": "cilindro", 
        "name": "Cilindro", 
        "app_label": "novedad"
    }
},
{
    "pk": 36, 
    "model": "contenttypes.contenttype", 
    "fields": {
        "model": "vivienda", 
        "name": "Vivienda", 
        "app_label": "novedad"
    }
},
{
    "pk": 37, 
    "model": "contenttypes.contenttype", 
    "fields": {
        "model": "viviendapersona", 
        "name": "Vivienda - Persona", 
        "app_label": "novedad"
    }
},
{
    "pk": "nd7qyvsy7nsqvkkm5f07lonrnkzs01tc", 
    "model": "sessions.session", 
    "fields": {
        "expire_date": "2014-06-27T19:11:49.300Z", 
        "session_data": "MjA1Yjk5OGNhNTA4NTVmMmVlYThkNjE4OGQ2ZTA2YTNiMGJlZDFiNDp7Il9hdXRoX3VzZXJfYmFja2VuZCI6ImRqYW5nby5jb250cmliLmF1dGguYmFja2VuZHMuTW9kZWxCYWNrZW5kIiwiX2F1dGhfdXNlcl9pZCI6MX0="
    }
},
{
    "pk": 1, 
    "model": "comun.zona", 
    "fields": {
        "nombre": "Metropolitana"
    }
},
{
    "pk": 2, 
    "model": "comun.zona", 
    "fields": {
        "nombre": "Valle del Mocot\u00edes"
    }
},
{
    "pk": 3, 
    "model": "comun.zona", 
    "fields": {
        "nombre": "Panamericana"
    }
},
{
    "pk": 4, 
    "model": "comun.zona", 
    "fields": {
        "nombre": "P\u00e1ramo"
    }
},
{
    "pk": 1, 
    "model": "comun.municipio", 
    "fields": {
        "nombre": "Libertador", 
        "zona": 1
    }
},
{
    "pk": 2, 
    "model": "comun.municipio", 
    "fields": {
        "nombre": "Campo El\u00edas", 
        "zona": 1
    }
},
{
    "pk": 3, 
    "model": "comun.municipio", 
    "fields": {
        "nombre": "Tovar", 
        "zona": 2
    }
},
{
    "pk": 4, 
    "model": "comun.municipio", 
    "fields": {
        "nombre": "Guaraque", 
        "zona": 2
    }
},
{
    "pk": 5, 
    "model": "comun.municipio", 
    "fields": {
        "nombre": "Alberto Adriani", 
        "zona": 3
    }
},
{
    "pk": 6, 
    "model": "comun.municipio", 
    "fields": {
        "nombre": "Caracciolo Parra y Olmedo", 
        "zona": 3
    }
},
{
    "pk": 7, 
    "model": "comun.municipio", 
    "fields": {
        "nombre": "Tulio Febres Cordero", 
        "zona": 3
    }
},
{
    "pk": 8, 
    "model": "comun.municipio", 
    "fields": {
        "nombre": "R\u00e1ngel", 
        "zona": 4
    }
},
{
    "pk": 9, 
    "model": "comun.municipio", 
    "fields": {
        "nombre": "Cardenal Quintero", 
        "zona": 4
    }
},
{
    "pk": 1, 
    "model": "comun.parroquia", 
    "fields": {
        "nombre": "Caracciolo Parra", 
        "municipio": 1
    }
},
{
    "pk": 2, 
    "model": "comun.parroquia", 
    "fields": {
        "nombre": "Milla", 
        "municipio": 1
    }
},
{
    "pk": 3, 
    "model": "comun.parroquia", 
    "fields": {
        "nombre": "Jacinto Plaza", 
        "municipio": 1
    }
},
{
    "pk": 4, 
    "model": "comun.parroquia", 
    "fields": {
        "nombre": "Domingo Pe\u00f1a", 
        "municipio": 1
    }
},
{
    "pk": 5, 
    "model": "comun.parroquia", 
    "fields": {
        "nombre": "Juan Rodr\u00edguez Suarez", 
        "municipio": 1
    }
},
{
    "pk": 6, 
    "model": "comun.parroquia", 
    "fields": {
        "nombre": "Gonzalo Pic\u00f3n Febres", 
        "municipio": 1
    }
},
{
    "pk": 7, 
    "model": "comun.parroquia", 
    "fields": {
        "nombre": "Matriz", 
        "municipio": 2
    }
},
{
    "pk": 8, 
    "model": "comun.parroquia", 
    "fields": {
        "nombre": "Montalb\u00e1n", 
        "municipio": 2
    }
},
{
    "pk": 9, 
    "model": "comun.parroquia", 
    "fields": {
        "nombre": "Tovar", 
        "municipio": 3
    }
},
{
    "pk": 10, 
    "model": "comun.parroquia", 
    "fields": {
        "nombre": "Guaraque", 
        "municipio": 4
    }
},
{
    "pk": 11, 
    "model": "comun.parroquia", 
    "fields": {
        "nombre": "Presidente Jos\u00e9 Antonio Paez", 
        "municipio": 5
    }
},
{
    "pk": 12, 
    "model": "comun.parroquia", 
    "fields": {
        "nombre": "Florencio Ram\u00edrez", 
        "municipio": 6
    }
},
{
    "pk": 13, 
    "model": "comun.parroquia", 
    "fields": {
        "nombre": "Apartaderos", 
        "municipio": 8
    }
},
{
    "pk": 14, 
    "model": "comun.parroquia", 
    "fields": {
        "nombre": "Las Piedras", 
        "municipio": 9
    }
},
{
    "pk": 1, 
    "model": "comun.tipoprocedimiento", 
    "fields": {
        "nombre": "Incendio de Estructuras", 
        "division": "CI"
    }
},
{
    "pk": 2, 
    "model": "comun.tipoprocedimiento", 
    "fields": {
        "nombre": "Incendio de Veh\u00edculo", 
        "division": "CI"
    }
},
{
    "pk": 3, 
    "model": "comun.tipoprocedimiento", 
    "fields": {
        "nombre": "Incendios Forestales", 
        "division": "CI"
    }
},
{
    "pk": 4, 
    "model": "comun.tipoprocedimiento", 
    "fields": {
        "nombre": "Incendios de Cultivos", 
        "division": "CI"
    }
},
{
    "pk": 5, 
    "model": "comun.tipoprocedimiento", 
    "fields": {
        "nombre": "Incendios de Vegetaci\u00f3n / Maleza", 
        "division": "CI"
    }
},
{
    "pk": 6, 
    "model": "comun.tipoprocedimiento", 
    "fields": {
        "nombre": "Escape de gas licuado del petr\u00f3leo", 
        "division": "CI"
    }
},
{
    "pk": 7, 
    "model": "comun.tipoprocedimiento", 
    "fields": {
        "nombre": "Explosiones / Defragaci\u00f3n", 
        "division": "CI"
    }
},
{
    "pk": 8, 
    "model": "comun.tipoprocedimiento", 
    "fields": {
        "nombre": "Cortos circu\u00edtos", 
        "division": "CI"
    }
},
{
    "pk": 9, 
    "model": "comun.tipoprocedimiento", 
    "fields": {
        "nombre": "Quemas de basura", 
        "division": "CI"
    }
},
{
    "pk": 10, 
    "model": "comun.tipoprocedimiento", 
    "fields": {
        "nombre": "Quemas de neum\u00e1ticos", 
        "division": "CI"
    }
},
{
    "pk": 11, 
    "model": "comun.tipoprocedimiento", 
    "fields": {
        "nombre": "Control / Neutralizaci\u00f3n de combustible", 
        "division": "CI"
    }
},
{
    "pk": 12, 
    "model": "comun.tipoprocedimiento", 
    "fields": {
        "nombre": "Control / Neutralizaci\u00f3n de materiales peligrosos", 
        "division": "CI"
    }
},
{
    "pk": 13, 
    "model": "comun.tipoprocedimiento", 
    "fields": {
        "nombre": "Servicios de abastecimiento de agua", 
        "division": "CI"
    }
},
{
    "pk": 14, 
    "model": "comun.tipoprocedimiento", 
    "fields": {
        "nombre": "Control / Exterminio de plagas/insectos", 
        "division": "BR"
    }
},
{
    "pk": 15, 
    "model": "comun.tipoprocedimiento", 
    "fields": {
        "nombre": "Desbordamiento de R\u00edo", 
        "division": "BR"
    }
},
{
    "pk": 16, 
    "model": "comun.tipoprocedimiento", 
    "fields": {
        "nombre": "Deslizamiento de tierra", 
        "division": "BR"
    }
},
{
    "pk": 17, 
    "model": "comun.tipoprocedimiento", 
    "fields": {
        "nombre": "Recuperaci\u00f3n de Cad\u00e1ver", 
        "division": "BR"
    }
},
{
    "pk": 18, 
    "model": "comun.tipoprocedimiento", 
    "fields": {
        "nombre": "Rescate de animales", 
        "division": "BR"
    }
},
{
    "pk": 19, 
    "model": "comun.tipoprocedimiento", 
    "fields": {
        "nombre": "Rescate de llaves", 
        "division": "BR"
    }
},
{
    "pk": 20, 
    "model": "comun.tipoprocedimiento", 
    "fields": {
        "nombre": "Rescate de personas en asensor", 
        "division": "BR"
    }
},
{
    "pk": 21, 
    "model": "comun.tipoprocedimiento", 
    "fields": {
        "nombre": "Rescate de personas incomunicadas", 
        "division": "BR"
    }
},
{
    "pk": 22, 
    "model": "comun.tipoprocedimiento", 
    "fields": {
        "nombre": "Rescates en aguas", 
        "division": "BR"
    }
},
{
    "pk": 23, 
    "model": "comun.tipoprocedimiento", 
    "fields": {
        "nombre": "B\u00fasqueda y rescate en monta\u00f1as", 
        "division": "BR"
    }
},
{
    "pk": 24, 
    "model": "comun.tipoprocedimiento", 
    "fields": {
        "nombre": "Rescates en estructuras colapsadas", 
        "division": "BR"
    }
},
{
    "pk": 25, 
    "model": "comun.tipoprocedimiento", 
    "fields": {
        "nombre": "Accidentes a\u00e9reos", 
        "division": "BR"
    }
},
{
    "pk": 26, 
    "model": "comun.tipoprocedimiento", 
    "fields": {
        "nombre": "Talas / Podas de \u00e1rboles", 
        "division": "BR"
    }
},
{
    "pk": 27, 
    "model": "comun.tipoprocedimiento", 
    "fields": {
        "nombre": "Intentos de suicidio", 
        "division": "BR"
    }
},
{
    "pk": 28, 
    "model": "comun.tipoprocedimiento", 
    "fields": {
        "nombre": "Inundaciones de viviendas", 
        "division": "BR"
    }
},
{
    "pk": 29, 
    "model": "comun.tipoprocedimiento", 
    "fields": {
        "nombre": "Viviendas afectadas", 
        "division": "BR"
    }
},
{
    "pk": 30, 
    "model": "comun.tipoprocedimiento", 
    "fields": {
        "nombre": "Personas afectadas por lluvias", 
        "division": "BR"
    }
},
{
    "pk": 31, 
    "model": "comun.tipoprocedimiento", 
    "fields": {
        "nombre": "Accidente de tr\u00e1nsito", 
        "division": "BR"
    }
},
{
    "pk": 32, 
    "model": "comun.tipoprocedimiento", 
    "fields": {
        "nombre": "Servicios m\u00e9dicos pre-hospitalarios", 
        "division": "EP"
    }
},
{
    "pk": 33, 
    "model": "comun.tipoprocedimiento", 
    "fields": {
        "nombre": "Servicios de Ambulancia", 
        "division": "EP"
    }
},
{
    "pk": 34, 
    "model": "comun.tipoprocedimiento", 
    "fields": {
        "nombre": "Atenciones primarias", 
        "division": "EP"
    }
},
{
    "pk": 35, 
    "model": "comun.tipoprocedimiento", 
    "fields": {
        "nombre": "Acto de presencia en persona fallecida", 
        "division": "EP"
    }
},
{
    "pk": 36, 
    "model": "comun.tipoprocedimiento", 
    "fields": {
        "nombre": "Guardias de Prevenci\u00f3n", 
        "division": "AE"
    }
},
{
    "pk": 1, 
    "model": "comun.detalletipoprocedimiento", 
    "fields": {
        "nombre": "Colisi\u00f3n entre veh\u00edculos", 
        "tipo_procedimiento": 30
    }
},
{
    "pk": 2, 
    "model": "comun.detalletipoprocedimiento", 
    "fields": {
        "nombre": "Choque con objeto fijo", 
        "tipo_procedimiento": 30
    }
},
{
    "pk": 3, 
    "model": "comun.detalletipoprocedimiento", 
    "fields": {
        "nombre": "Vuelcos sobre la v\u00eda", 
        "tipo_procedimiento": 30
    }
},
{
    "pk": 4, 
    "model": "comun.detalletipoprocedimiento", 
    "fields": {
        "nombre": "Vuelcos fuera de la v\u00eda", 
        "tipo_procedimiento": 30
    }
},
{
    "pk": 5, 
    "model": "comun.detalletipoprocedimiento", 
    "fields": {
        "nombre": "Arrollamientos", 
        "tipo_procedimiento": 30
    }
},
{
    "pk": 6, 
    "model": "comun.detalletipoprocedimiento", 
    "fields": {
        "nombre": "Expelimentos", 
        "tipo_procedimiento": 30
    }
},
{
    "pk": 7, 
    "model": "comun.detalletipoprocedimiento", 
    "fields": {
        "nombre": "Otro tipo de accidentes (aplastamientos)", 
        "tipo_procedimiento": 30
    }
},
{
    "pk": 1, 
    "model": "comun.comision", 
    "fields": {
        "descripcion": "proteccion civil", 
        "nombre": "Proteccion civil"
    }
},
{
    "pk": 1, 
    "model": "comun.persona", 
    "fields": {
        "edad": 40, 
        "nombre": "Ramon Perez", 
        "cedula": "12345678", 
        "sexo": "M"
    }
},
{
    "pk": 2, 
    "model": "comun.persona", 
    "fields": {
        "edad": 45, 
        "nombre": "Pedro Perez", 
        "cedula": "11678987", 
        "sexo": "M"
    }
},
{
    "pk": 1, 
    "model": "institucion.rango", 
    "fields": {
        "rango": "Sin rango"
    }
},
{
    "pk": 1, 
    "model": "institucion.estacion", 
    "fields": {
        "jefe": "Teniente (B) Juan Carlos Angulo", 
        "direccion": "Final de Av. Las Am\u00e9ricas, Urb. Humboldt", 
        "nombre": "Sede Principal", 
        "telefono": "0274-266.36.12", 
        "parroquia": 1, 
        "detalle": "Cuartel de Bomberos 'Vicente Campo El\u00edas'"
    }
},
{
    "pk": 2, 
    "model": "institucion.estacion", 
    "fields": {
        "jefe": "Teniente (B) Orlando Hern\u00e1ndez", 
        "direccion": "Av. Universidad", 
        "nombre": "Libertador", 
        "telefono": "0274-790.23.89", 
        "parroquia": 2, 
        "detalle": "'Gregorio Isilio Vivas'"
    }
},
{
    "pk": 3, 
    "model": "institucion.estacion", 
    "fields": {
        "jefe": "S/A (B) Jhonny Rojas", 
        "direccion": "Urbanizaci\u00f3n Carabobo", 
        "nombre": "Cuenca del Chama", 
        "telefono": "0274-511.13.39", 
        "parroquia": 3, 
        "detalle": "'C/1\u00b0 (B) Jos\u00e9 Alexander Rojas'"
    }
},
{
    "pk": 4, 
    "model": "institucion.estacion", 
    "fields": {
        "jefe": "Sargento/1ero (B) Roger Alexander Toro", 
        "direccion": "Urbanizaci\u00f3n San Antonio", 
        "nombre": "B.R.A.I.", 
        "telefono": "0274-414.82.81", 
        "parroquia": 4, 
        "detalle": "Brigada de Reacci\u00f3n y Atenci\u00f3n Inmediata (B.R.A.I.)"
    }
},
{
    "pk": 5, 
    "model": "institucion.estacion", 
    "fields": {
        "jefe": "Stte. (B) Luis Molina", 
        "direccion": "Instalaciones del Estadio Metropolitano, sector Zumba", 
        "nombre": "MAT-PEL", 
        "telefono": "0274-789.74.00", 
        "parroquia": 5, 
        "detalle": "Brigada de Materiales Peligrosos (MAT-PEL)"
    }
},
{
    "pk": 6, 
    "model": "institucion.estacion", 
    "fields": {
        "jefe": "Sub-Teniente (B) Vitalio Ortega", 
        "direccion": "Sector Las Cuadras, v\u00eda La Culata", 
        "nombre": "El Valle", 
        "telefono": "0274-789.48.79", 
        "parroquia": 6, 
        "detalle": ""
    }
},
{
    "pk": 7, 
    "model": "institucion.estacion", 
    "fields": {
        "jefe": "Teniente (B) Sabino R\u00e1ngel", 
        "direccion": "Av. Centenario", 
        "nombre": "Ejido", 
        "telefono": "0274-221.52.36", 
        "parroquia": 7, 
        "detalle": "'Cap. Comuneros Francisco Javier Angulo'"
    }
},
{
    "pk": 8, 
    "model": "institucion.estacion", 
    "fields": {
        "jefe": "Sarg. / Avte. (B) Luis Soto", 
        "direccion": "V\u00eda a Jaj\u00ed, sector Salado Alto", 
        "nombre": "B.O.E.", 
        "telefono": "0274-658.87.85", 
        "parroquia": 8, 
        "detalle": "Brigada de Operaciones Especiales (B.O.E.)"
    }
},
{
    "pk": 9, 
    "model": "institucion.estacion", 
    "fields": {
        "jefe": "Sub-Teniente (B) Irving Pa\u00e9z", 
        "direccion": "Avenida Perimetral de Tovar", 
        "nombre": "Tovar", 
        "telefono": "0275-873.02.87", 
        "parroquia": 9, 
        "detalle": "'General Francisco Pic\u00f3n Gonz\u00e1lez'"
    }
},
{
    "pk": 10, 
    "model": "institucion.estacion", 
    "fields": {
        "jefe": "Sub-Teniente (B) Ram\u00f3n Moreno", 
        "direccion": "En las afueras de la poblaci\u00f3n de Guaraque", 
        "nombre": "Guaraque", 
        "telefono": "0274-789.12.16", 
        "parroquia": 10, 
        "detalle": "'Pueblos del Sur'"
    }
},
{
    "pk": 11, 
    "model": "institucion.estacion", 
    "fields": {
        "jefe": "Sub-Teniente (B) Vicencio Angulo", 
        "direccion": "Zona Industrial, v\u00eda San Crist\u00f3bal", 
        "nombre": "El Vig\u00eda", 
        "telefono": "0275-882.00.50", 
        "parroquia": 11, 
        "detalle": "'Mayor (B) Cesar Guill\u00e9n Calder\u00f3n'"
    }
},
{
    "pk": 12, 
    "model": "institucion.estacion", 
    "fields": {
        "jefe": "Sub-Teniente (B) Yoston Pe\u00f1a", 
        "direccion": "Poblaci\u00f3n de Tucan\u00ed", 
        "nombre": "Tucan\u00ed", 
        "telefono": "0275-415.80.28", 
        "parroquia": 12, 
        "detalle": "'S/A (B) German Sulbaran'"
    }
},
{
    "pk": 13, 
    "model": "institucion.estacion", 
    "fields": {
        "jefe": "Sub-Teniente (B) Ricardo Rey", 
        "direccion": "Poblaci\u00f3n de Apartaderos, carretera Trasandina", 
        "nombre": "Apartaderos", 
        "telefono": "0274-789.12.16", 
        "parroquia": 13, 
        "detalle": "'Indio Tinjaca'"
    }
},
{
    "pk": 14, 
    "model": "institucion.estacion", 
    "fields": {
        "jefe": "S/A (B) Luis Seijas", 
        "direccion": "Poblaci\u00f3n de Santo Domingo, sector La Mitisus", 
        "nombre": "Santo Domingo", 
        "telefono": "0274-511.65.43", 
        "parroquia": 14, 
        "detalle": "'C/1\u00b0 (B) Lizandro M\u00e9ndez'"
    }
},
{
    "pk": 1, 
    "model": "institucion.unidad", 
    "fields": {
        "tipo": "I", 
        "numero": "B-090"
    }
},
{
    "pk": 1, 
    "model": "novedad.diagnostico", 
    "fields": {
        "descripcion": "fracturas", 
        "nombre": "Fractura"
    }
},
{
    "pk": 2, 
    "model": "novedad.diagnostico", 
    "fields": {
        "descripcion": "Quemaduras", 
        "nombre": "Quemadura"
    }
},
{
    "pk": 1, 
    "model": "novedad.novedad", 
    "fields": {
        "hora_llegada": "14:28:00", 
        "fecha": "2014-06-05", 
        "acto_presencia": false, 
        "alarma_infundada": false, 
        "direccion": "plaza montalban ejido", 
        "hora_salida": "16:28:00", 
        "procedimiento": "se apago el incendio con manguera", 
        "tipo_procedimiento": 1, 
        "parroquia": 7, 
        "hora_reporte": "13:18:00"
    }
},
{
    "pk": 2, 
    "model": "novedad.novedad", 
    "fields": {
        "hora_llegada": "02:44:00", 
        "fecha": "2014-06-13", 
        "acto_presencia": false, 
        "alarma_infundada": false, 
        "direccion": "calle urdaneta  ", 
        "hora_salida": "02:39:00", 
        "procedimiento": "se utilizo una maguera de media pulgada y 5000 litros de agua", 
        "tipo_procedimiento": 1, 
        "parroquia": 7, 
        "hora_reporte": "03:21:00"
    }
},
{
    "pk": 1, 
    "model": "novedad.novedadincendioestructura", 
    "fields": {
        "nombre": "supermercado plaza montalban", 
        "novedad": 1, 
        "perdida_inmueble": "parciales", 
        "propietario": 1, 
        "fase": "inicial"
    }
},
{
    "pk": 2, 
    "model": "novedad.novedadincendioestructura", 
    "fields": {
        "nombre": "Centro Comencial el Trapiche", 
        "novedad": 2, 
        "perdida_inmueble": "moderadas", 
        "propietario": 2, 
        "fase": "inicial"
    }
},
{
    "pk": 1, 
    "model": "novedad.novedadpersona", 
    "fields": {
        "novedad": 1, 
        "persona": 1, 
        "diagnostico": 2, 
        "traslado_hasta": null, 
        "estado": "L", 
        "detalle_diagnostico": "tercer grado"
    }
},
{
    "pk": 2, 
    "model": "novedad.novedadpersona", 
    "fields": {
        "novedad": 2, 
        "persona": 2, 
        "diagnostico": 2, 
        "traslado_hasta": null, 
        "estado": "L", 
        "detalle_diagnostico": "quemadura de primer grado  siendo estabilizado y trasladado hasta el ambulatorio los cedros"
    }
},
{
    "pk": 1, 
    "model": "novedad.novedadunidad", 
    "fields": {
        "novedad": 1, 
        "a_cargo_de": "Manuel Garcia", 
        "unidad": 1
    }
},
{
    "pk": 2, 
    "model": "novedad.novedadunidad", 
    "fields": {
        "novedad": 2, 
        "a_cargo_de": "sargento primero efren quintero", 
        "unidad": 1
    }
},
{
    "pk": 1, 
    "model": "novedad.novedadcomision", 
    "fields": {
        "novedad": 1, 
        "a_cargo_de": "Javier Parra", 
        "comision": 1
    }
},
{
    "pk": 2, 
    "model": "novedad.novedadcomision", 
    "fields": {
        "novedad": 2, 
        "a_cargo_de": "ofical sar pedro perez", 
        "comision": 1
    }
},
{
    "pk": 1, 
    "model": "auth.permission", 
    "fields": {
        "codename": "add_logentry", 
        "name": "Can add log entry", 
        "content_type": 1
    }
},
{
    "pk": 2, 
    "model": "auth.permission", 
    "fields": {
        "codename": "change_logentry", 
        "name": "Can change log entry", 
        "content_type": 1
    }
},
{
    "pk": 3, 
    "model": "auth.permission", 
    "fields": {
        "codename": "delete_logentry", 
        "name": "Can delete log entry", 
        "content_type": 1
    }
},
{
    "pk": 4, 
    "model": "auth.permission", 
    "fields": {
        "codename": "add_permission", 
        "name": "Can add permission", 
        "content_type": 2
    }
},
{
    "pk": 5, 
    "model": "auth.permission", 
    "fields": {
        "codename": "change_permission", 
        "name": "Can change permission", 
        "content_type": 2
    }
},
{
    "pk": 6, 
    "model": "auth.permission", 
    "fields": {
        "codename": "delete_permission", 
        "name": "Can delete permission", 
        "content_type": 2
    }
},
{
    "pk": 7, 
    "model": "auth.permission", 
    "fields": {
        "codename": "add_group", 
        "name": "Can add group", 
        "content_type": 3
    }
},
{
    "pk": 8, 
    "model": "auth.permission", 
    "fields": {
        "codename": "change_group", 
        "name": "Can change group", 
        "content_type": 3
    }
},
{
    "pk": 9, 
    "model": "auth.permission", 
    "fields": {
        "codename": "delete_group", 
        "name": "Can delete group", 
        "content_type": 3
    }
},
{
    "pk": 10, 
    "model": "auth.permission", 
    "fields": {
        "codename": "add_user", 
        "name": "Can add user", 
        "content_type": 4
    }
},
{
    "pk": 11, 
    "model": "auth.permission", 
    "fields": {
        "codename": "change_user", 
        "name": "Can change user", 
        "content_type": 4
    }
},
{
    "pk": 12, 
    "model": "auth.permission", 
    "fields": {
        "codename": "delete_user", 
        "name": "Can delete user", 
        "content_type": 4
    }
},
{
    "pk": 13, 
    "model": "auth.permission", 
    "fields": {
        "codename": "add_contenttype", 
        "name": "Can add content type", 
        "content_type": 5
    }
},
{
    "pk": 14, 
    "model": "auth.permission", 
    "fields": {
        "codename": "change_contenttype", 
        "name": "Can change content type", 
        "content_type": 5
    }
},
{
    "pk": 15, 
    "model": "auth.permission", 
    "fields": {
        "codename": "delete_contenttype", 
        "name": "Can delete content type", 
        "content_type": 5
    }
},
{
    "pk": 16, 
    "model": "auth.permission", 
    "fields": {
        "codename": "add_session", 
        "name": "Can add session", 
        "content_type": 6
    }
},
{
    "pk": 17, 
    "model": "auth.permission", 
    "fields": {
        "codename": "change_session", 
        "name": "Can change session", 
        "content_type": 6
    }
},
{
    "pk": 18, 
    "model": "auth.permission", 
    "fields": {
        "codename": "delete_session", 
        "name": "Can delete session", 
        "content_type": 6
    }
},
{
    "pk": 19, 
    "model": "auth.permission", 
    "fields": {
        "codename": "add_zona", 
        "name": "Can add Zona", 
        "content_type": 7
    }
},
{
    "pk": 20, 
    "model": "auth.permission", 
    "fields": {
        "codename": "change_zona", 
        "name": "Can change Zona", 
        "content_type": 7
    }
},
{
    "pk": 21, 
    "model": "auth.permission", 
    "fields": {
        "codename": "delete_zona", 
        "name": "Can delete Zona", 
        "content_type": 7
    }
},
{
    "pk": 22, 
    "model": "auth.permission", 
    "fields": {
        "codename": "add_municipio", 
        "name": "Can add Municipio", 
        "content_type": 8
    }
},
{
    "pk": 23, 
    "model": "auth.permission", 
    "fields": {
        "codename": "change_municipio", 
        "name": "Can change Municipio", 
        "content_type": 8
    }
},
{
    "pk": 24, 
    "model": "auth.permission", 
    "fields": {
        "codename": "delete_municipio", 
        "name": "Can delete Municipio", 
        "content_type": 8
    }
},
{
    "pk": 25, 
    "model": "auth.permission", 
    "fields": {
        "codename": "add_parroquia", 
        "name": "Can add Parroquia", 
        "content_type": 9
    }
},
{
    "pk": 26, 
    "model": "auth.permission", 
    "fields": {
        "codename": "change_parroquia", 
        "name": "Can change Parroquia", 
        "content_type": 9
    }
},
{
    "pk": 27, 
    "model": "auth.permission", 
    "fields": {
        "codename": "delete_parroquia", 
        "name": "Can delete Parroquia", 
        "content_type": 9
    }
},
{
    "pk": 28, 
    "model": "auth.permission", 
    "fields": {
        "codename": "add_tipoprocedimiento", 
        "name": "Can add Tipo de Procedimiento", 
        "content_type": 10
    }
},
{
    "pk": 29, 
    "model": "auth.permission", 
    "fields": {
        "codename": "change_tipoprocedimiento", 
        "name": "Can change Tipo de Procedimiento", 
        "content_type": 10
    }
},
{
    "pk": 30, 
    "model": "auth.permission", 
    "fields": {
        "codename": "delete_tipoprocedimiento", 
        "name": "Can delete Tipo de Procedimiento", 
        "content_type": 10
    }
},
{
    "pk": 31, 
    "model": "auth.permission", 
    "fields": {
        "codename": "add_detalletipoprocedimiento", 
        "name": "Can add Detalle de Tipo de Procedimiento", 
        "content_type": 11
    }
},
{
    "pk": 32, 
    "model": "auth.permission", 
    "fields": {
        "codename": "change_detalletipoprocedimiento", 
        "name": "Can change Detalle de Tipo de Procedimiento", 
        "content_type": 11
    }
},
{
    "pk": 33, 
    "model": "auth.permission", 
    "fields": {
        "codename": "delete_detalletipoprocedimiento", 
        "name": "Can delete Detalle de Tipo de Procedimiento", 
        "content_type": 11
    }
},
{
    "pk": 34, 
    "model": "auth.permission", 
    "fields": {
        "codename": "add_comision", 
        "name": "Can add Comisi\u00f3n", 
        "content_type": 12
    }
},
{
    "pk": 35, 
    "model": "auth.permission", 
    "fields": {
        "codename": "change_comision", 
        "name": "Can change Comisi\u00f3n", 
        "content_type": 12
    }
},
{
    "pk": 36, 
    "model": "auth.permission", 
    "fields": {
        "codename": "delete_comision", 
        "name": "Can delete Comisi\u00f3n", 
        "content_type": 12
    }
},
{
    "pk": 37, 
    "model": "auth.permission", 
    "fields": {
        "codename": "add_persona", 
        "name": "Can add Persona", 
        "content_type": 13
    }
},
{
    "pk": 38, 
    "model": "auth.permission", 
    "fields": {
        "codename": "change_persona", 
        "name": "Can change Persona", 
        "content_type": 13
    }
},
{
    "pk": 39, 
    "model": "auth.permission", 
    "fields": {
        "codename": "delete_persona", 
        "name": "Can delete Persona", 
        "content_type": 13
    }
},
{
    "pk": 40, 
    "model": "auth.permission", 
    "fields": {
        "codename": "add_cargo", 
        "name": "Can add Cargo", 
        "content_type": 14
    }
},
{
    "pk": 41, 
    "model": "auth.permission", 
    "fields": {
        "codename": "change_cargo", 
        "name": "Can change Cargo", 
        "content_type": 14
    }
},
{
    "pk": 42, 
    "model": "auth.permission", 
    "fields": {
        "codename": "delete_cargo", 
        "name": "Can delete Cargo", 
        "content_type": 14
    }
},
{
    "pk": 43, 
    "model": "auth.permission", 
    "fields": {
        "codename": "add_rango", 
        "name": "Can add Rango", 
        "content_type": 15
    }
},
{
    "pk": 44, 
    "model": "auth.permission", 
    "fields": {
        "codename": "change_rango", 
        "name": "Can change Rango", 
        "content_type": 15
    }
},
{
    "pk": 45, 
    "model": "auth.permission", 
    "fields": {
        "codename": "delete_rango", 
        "name": "Can delete Rango", 
        "content_type": 15
    }
},
{
    "pk": 46, 
    "model": "auth.permission", 
    "fields": {
        "codename": "add_estacion", 
        "name": "Can add Estaci\u00f3n", 
        "content_type": 16
    }
},
{
    "pk": 47, 
    "model": "auth.permission", 
    "fields": {
        "codename": "change_estacion", 
        "name": "Can change Estaci\u00f3n", 
        "content_type": 16
    }
},
{
    "pk": 48, 
    "model": "auth.permission", 
    "fields": {
        "codename": "delete_estacion", 
        "name": "Can delete Estaci\u00f3n", 
        "content_type": 16
    }
},
{
    "pk": 49, 
    "model": "auth.permission", 
    "fields": {
        "codename": "add_trabajador", 
        "name": "Can add Trabajador", 
        "content_type": 17
    }
},
{
    "pk": 50, 
    "model": "auth.permission", 
    "fields": {
        "codename": "change_trabajador", 
        "name": "Can change Trabajador", 
        "content_type": 17
    }
},
{
    "pk": 51, 
    "model": "auth.permission", 
    "fields": {
        "codename": "delete_trabajador", 
        "name": "Can delete Trabajador", 
        "content_type": 17
    }
},
{
    "pk": 52, 
    "model": "auth.permission", 
    "fields": {
        "codename": "add_unidad", 
        "name": "Can add Unidad", 
        "content_type": 18
    }
},
{
    "pk": 53, 
    "model": "auth.permission", 
    "fields": {
        "codename": "change_unidad", 
        "name": "Can change Unidad", 
        "content_type": 18
    }
},
{
    "pk": 54, 
    "model": "auth.permission", 
    "fields": {
        "codename": "delete_unidad", 
        "name": "Can delete Unidad", 
        "content_type": 18
    }
},
{
    "pk": 55, 
    "model": "auth.permission", 
    "fields": {
        "codename": "add_diagnostico", 
        "name": "Can add Diagn\u00f3stico", 
        "content_type": 19
    }
},
{
    "pk": 56, 
    "model": "auth.permission", 
    "fields": {
        "codename": "change_diagnostico", 
        "name": "Can change Diagn\u00f3stico", 
        "content_type": 19
    }
},
{
    "pk": 57, 
    "model": "auth.permission", 
    "fields": {
        "codename": "delete_diagnostico", 
        "name": "Can delete Diagn\u00f3stico", 
        "content_type": 19
    }
},
{
    "pk": 58, 
    "model": "auth.permission", 
    "fields": {
        "codename": "add_personafallecida", 
        "name": "Can add Persona Fallecida", 
        "content_type": 20
    }
},
{
    "pk": 59, 
    "model": "auth.permission", 
    "fields": {
        "codename": "change_personafallecida", 
        "name": "Can change Persona Fallecida", 
        "content_type": 20
    }
},
{
    "pk": 60, 
    "model": "auth.permission", 
    "fields": {
        "codename": "delete_personafallecida", 
        "name": "Can delete Persona Fallecida", 
        "content_type": 20
    }
},
{
    "pk": 61, 
    "model": "auth.permission", 
    "fields": {
        "codename": "add_vehiculo", 
        "name": "Can add Veh\u00edculo", 
        "content_type": 21
    }
},
{
    "pk": 62, 
    "model": "auth.permission", 
    "fields": {
        "codename": "change_vehiculo", 
        "name": "Can change Veh\u00edculo", 
        "content_type": 21
    }
},
{
    "pk": 63, 
    "model": "auth.permission", 
    "fields": {
        "codename": "delete_vehiculo", 
        "name": "Can delete Veh\u00edculo", 
        "content_type": 21
    }
},
{
    "pk": 64, 
    "model": "auth.permission", 
    "fields": {
        "codename": "add_vehiculopersona", 
        "name": "Can add Veh\u00edculo - Persona", 
        "content_type": 22
    }
},
{
    "pk": 65, 
    "model": "auth.permission", 
    "fields": {
        "codename": "change_vehiculopersona", 
        "name": "Can change Veh\u00edculo - Persona", 
        "content_type": 22
    }
},
{
    "pk": 66, 
    "model": "auth.permission", 
    "fields": {
        "codename": "delete_vehiculopersona", 
        "name": "Can delete Veh\u00edculo - Persona", 
        "content_type": 22
    }
},
{
    "pk": 67, 
    "model": "auth.permission", 
    "fields": {
        "codename": "add_novedad", 
        "name": "Can add Novedad", 
        "content_type": 23
    }
},
{
    "pk": 68, 
    "model": "auth.permission", 
    "fields": {
        "codename": "change_novedad", 
        "name": "Can change Novedad", 
        "content_type": 23
    }
},
{
    "pk": 69, 
    "model": "auth.permission", 
    "fields": {
        "codename": "delete_novedad", 
        "name": "Can delete Novedad", 
        "content_type": 23
    }
},
{
    "pk": 70, 
    "model": "auth.permission", 
    "fields": {
        "codename": "add_novedadincendioestructura", 
        "name": "Can add Novedad de Incendio de Estructura", 
        "content_type": 24
    }
},
{
    "pk": 71, 
    "model": "auth.permission", 
    "fields": {
        "codename": "change_novedadincendioestructura", 
        "name": "Can change Novedad de Incendio de Estructura", 
        "content_type": 24
    }
},
{
    "pk": 72, 
    "model": "auth.permission", 
    "fields": {
        "codename": "delete_novedadincendioestructura", 
        "name": "Can delete Novedad de Incendio de Estructura", 
        "content_type": 24
    }
},
{
    "pk": 73, 
    "model": "auth.permission", 
    "fields": {
        "codename": "add_novedadincendiovehiculo", 
        "name": "Can add novedad incendio vehiculo", 
        "content_type": 25
    }
},
{
    "pk": 74, 
    "model": "auth.permission", 
    "fields": {
        "codename": "change_novedadincendiovehiculo", 
        "name": "Can change novedad incendio vehiculo", 
        "content_type": 25
    }
},
{
    "pk": 75, 
    "model": "auth.permission", 
    "fields": {
        "codename": "delete_novedadincendiovehiculo", 
        "name": "Can delete novedad incendio vehiculo", 
        "content_type": 25
    }
},
{
    "pk": 76, 
    "model": "auth.permission", 
    "fields": {
        "codename": "add_novedadincendiovegetacion", 
        "name": "Can add novedad incendio vegetacion", 
        "content_type": 26
    }
},
{
    "pk": 77, 
    "model": "auth.permission", 
    "fields": {
        "codename": "change_novedadincendiovegetacion", 
        "name": "Can change novedad incendio vegetacion", 
        "content_type": 26
    }
},
{
    "pk": 78, 
    "model": "auth.permission", 
    "fields": {
        "codename": "delete_novedadincendiovegetacion", 
        "name": "Can delete novedad incendio vegetacion", 
        "content_type": 26
    }
},
{
    "pk": 79, 
    "model": "auth.permission", 
    "fields": {
        "codename": "add_novedadincendioescapegas", 
        "name": "Can add novedad incendio escape gas", 
        "content_type": 27
    }
},
{
    "pk": 80, 
    "model": "auth.permission", 
    "fields": {
        "codename": "change_novedadincendioescapegas", 
        "name": "Can change novedad incendio escape gas", 
        "content_type": 27
    }
},
{
    "pk": 81, 
    "model": "auth.permission", 
    "fields": {
        "codename": "delete_novedadincendioescapegas", 
        "name": "Can delete novedad incendio escape gas", 
        "content_type": 27
    }
},
{
    "pk": 82, 
    "model": "auth.permission", 
    "fields": {
        "codename": "add_novedadincendioservicioagua", 
        "name": "Can add novedad incendio servicio agua", 
        "content_type": 28
    }
},
{
    "pk": 83, 
    "model": "auth.permission", 
    "fields": {
        "codename": "change_novedadincendioservicioagua", 
        "name": "Can change novedad incendio servicio agua", 
        "content_type": 28
    }
},
{
    "pk": 84, 
    "model": "auth.permission", 
    "fields": {
        "codename": "delete_novedadincendioservicioagua", 
        "name": "Can delete novedad incendio servicio agua", 
        "content_type": 28
    }
},
{
    "pk": 85, 
    "model": "auth.permission", 
    "fields": {
        "codename": "add_novedadrescatevehiculo", 
        "name": "Can add novedad rescate vehiculo", 
        "content_type": 29
    }
},
{
    "pk": 86, 
    "model": "auth.permission", 
    "fields": {
        "codename": "change_novedadrescatevehiculo", 
        "name": "Can change novedad rescate vehiculo", 
        "content_type": 29
    }
},
{
    "pk": 87, 
    "model": "auth.permission", 
    "fields": {
        "codename": "delete_novedadrescatevehiculo", 
        "name": "Can delete novedad rescate vehiculo", 
        "content_type": 29
    }
},
{
    "pk": 88, 
    "model": "auth.permission", 
    "fields": {
        "codename": "add_novedadhospital", 
        "name": "Can add novedad hospital", 
        "content_type": 30
    }
},
{
    "pk": 89, 
    "model": "auth.permission", 
    "fields": {
        "codename": "change_novedadhospital", 
        "name": "Can change novedad hospital", 
        "content_type": 30
    }
},
{
    "pk": 90, 
    "model": "auth.permission", 
    "fields": {
        "codename": "delete_novedadhospital", 
        "name": "Can delete novedad hospital", 
        "content_type": 30
    }
},
{
    "pk": 91, 
    "model": "auth.permission", 
    "fields": {
        "codename": "add_novedadespecial", 
        "name": "Can add novedad especial", 
        "content_type": 31
    }
},
{
    "pk": 92, 
    "model": "auth.permission", 
    "fields": {
        "codename": "change_novedadespecial", 
        "name": "Can change novedad especial", 
        "content_type": 31
    }
},
{
    "pk": 93, 
    "model": "auth.permission", 
    "fields": {
        "codename": "delete_novedadespecial", 
        "name": "Can delete novedad especial", 
        "content_type": 31
    }
},
{
    "pk": 94, 
    "model": "auth.permission", 
    "fields": {
        "codename": "add_novedadpersona", 
        "name": "Can add novedad persona", 
        "content_type": 32
    }
},
{
    "pk": 95, 
    "model": "auth.permission", 
    "fields": {
        "codename": "change_novedadpersona", 
        "name": "Can change novedad persona", 
        "content_type": 32
    }
},
{
    "pk": 96, 
    "model": "auth.permission", 
    "fields": {
        "codename": "delete_novedadpersona", 
        "name": "Can delete novedad persona", 
        "content_type": 32
    }
},
{
    "pk": 97, 
    "model": "auth.permission", 
    "fields": {
        "codename": "add_novedadunidad", 
        "name": "Can add Unidad por Novedad", 
        "content_type": 33
    }
},
{
    "pk": 98, 
    "model": "auth.permission", 
    "fields": {
        "codename": "change_novedadunidad", 
        "name": "Can change Unidad por Novedad", 
        "content_type": 33
    }
},
{
    "pk": 99, 
    "model": "auth.permission", 
    "fields": {
        "codename": "delete_novedadunidad", 
        "name": "Can delete Unidad por Novedad", 
        "content_type": 33
    }
},
{
    "pk": 100, 
    "model": "auth.permission", 
    "fields": {
        "codename": "add_novedadcomision", 
        "name": "Can add Comisi\u00f3n por Novedad", 
        "content_type": 34
    }
},
{
    "pk": 101, 
    "model": "auth.permission", 
    "fields": {
        "codename": "change_novedadcomision", 
        "name": "Can change Comisi\u00f3n por Novedad", 
        "content_type": 34
    }
},
{
    "pk": 102, 
    "model": "auth.permission", 
    "fields": {
        "codename": "delete_novedadcomision", 
        "name": "Can delete Comisi\u00f3n por Novedad", 
        "content_type": 34
    }
},
{
    "pk": 103, 
    "model": "auth.permission", 
    "fields": {
        "codename": "add_cilindro", 
        "name": "Can add Cilindro", 
        "content_type": 35
    }
},
{
    "pk": 104, 
    "model": "auth.permission", 
    "fields": {
        "codename": "change_cilindro", 
        "name": "Can change Cilindro", 
        "content_type": 35
    }
},
{
    "pk": 105, 
    "model": "auth.permission", 
    "fields": {
        "codename": "delete_cilindro", 
        "name": "Can delete Cilindro", 
        "content_type": 35
    }
},
{
    "pk": 106, 
    "model": "auth.permission", 
    "fields": {
        "codename": "add_vivienda", 
        "name": "Can add Vivienda", 
        "content_type": 36
    }
},
{
    "pk": 107, 
    "model": "auth.permission", 
    "fields": {
        "codename": "change_vivienda", 
        "name": "Can change Vivienda", 
        "content_type": 36
    }
},
{
    "pk": 108, 
    "model": "auth.permission", 
    "fields": {
        "codename": "delete_vivienda", 
        "name": "Can delete Vivienda", 
        "content_type": 36
    }
},
{
    "pk": 109, 
    "model": "auth.permission", 
    "fields": {
        "codename": "add_viviendapersona", 
        "name": "Can add Vivienda - Persona", 
        "content_type": 37
    }
},
{
    "pk": 110, 
    "model": "auth.permission", 
    "fields": {
        "codename": "change_viviendapersona", 
        "name": "Can change Vivienda - Persona", 
        "content_type": 37
    }
},
{
    "pk": 111, 
    "model": "auth.permission", 
    "fields": {
        "codename": "delete_viviendapersona", 
        "name": "Can delete Vivienda - Persona", 
        "content_type": 37
    }
},
{
    "pk": 1, 
    "model": "auth.user", 
    "fields": {
        "username": "admin", 
        "first_name": "", 
        "last_name": "", 
        "personal": null, 
        "is_active": true, 
        "is_superuser": true, 
        "is_staff": true, 
        "last_login": "2014-06-13T19:11:47.815Z", 
        "groups": [], 
        "user_permissions": [], 
        "password": "pbkdf2_sha256$12000$CDDRe4i64xTH$baFieRc39ze1ObyzgiN3kx9dv83bE3YlIRrjlXDtJOo=", 
        "email": "", 
        "date_joined": "2014-06-13T11:45:18.428Z"
    }
}
]
